{"position":[{"x":2.226346969604492,"y":1.0004749298095704,"z":6.098555564880371},{"x":6.5800018310546879,"y":1.0004749298095704,"z":-6.550569534301758}],"health":[100.0,100.0],"aiState":[2,1],"startPosition":[{"x":2.226346969604492,"y":0.9717082977294922,"z":1.948617935180664},{"x":6.579999923706055,"y":0.9717082977294922,"z":-4.380000114440918}],"droppedItems":[]}