{"enemies":[{"position":{"x":-2.172846555709839,"y":1.000473141670227,"z":1.9484364986419678},"health":100.0,"aiState":0,"startPosition":{"x":0.4126548767089844,"y":1.0000922679901124,"z":1.9486188888549805},"moveSpeed":3.0,"patrolDistance":5.0,"viewRadius":5.0},{"position":{"x":6.580353260040283,"y":1.0004743337631226,"z":-12.350640296936036},"health":100.0,"aiState":1,"startPosition":{"x":6.58000373840332,"y":1.0000927448272706,"z":-7.633708477020264},"moveSpeed":5.0,"patrolDistance":5.0,"viewRadius":5.0}]}