{
    "position": [
        {
            "x": -3.242908477783203,
            "y": 1.0,
            "z": -7.934042930603027
        },
        {
            "x": 2.393310546875,
            "y": 1.0,
            "z": 1.9486198425292969
        }
    ],
    "health": [
        100.0,
        100.0
    ],
    "aiState": [
        2,
        0
    ],
    "startPosition": [
        {
            "x": -1.289999008178711,
            "y": 0.9717082977294922,
            "z": -9.720000267028809
        },
        {
            "x": 2.226346969604492,
            "y": 0.9717082977294922,
            "z": 1.948617935180664
        }
    ],
    "droppedItems": []
}