{"position":[{"x":6.579999923706055,"y":1.0004749298095704,"z":-4.380145072937012},{"x":-6.52703857421875,"y":1.0004749298095704,"z":-0.13107681274414063}],"health":[100.0,100.0],"aiState":[1,2],"startPosition":[{"x":0.0,"y":0.0,"z":0.0},{"x":-6.722738265991211,"y":1.0023784637451172,"z":0.35982227325439455}],"droppedItems":[]}