{"position":[{"x":8.337718963623047,"y":1.0,"z":-10.454432487487793}],"health":[100.0],"aiState":[1],"startPosition":[{"x":6.579999923706055,"y":0.9717082977294922,"z":-4.380000114440918}],"droppedItems":[]}