{"position":[{"x":-1.9735164642333985,"y":1.0,"z":-8.051770210266114},{"x":2.226346969604492,"y":1.0,"z":1.948617935180664}],"health":[100.0,100.0],"aiState":[2,3],"startPosition":[{"x":-1.289999008178711,"y":0.9717082977294922,"z":-9.720000267028809},{"x":2.226346969604492,"y":0.9717082977294922,"z":1.948617935180664}],"droppedItems":[]}