{"enemies":[{"position":{"x":0.17424392700195313,"y":1.0004749298095704,"z":1.9486188888549805},"health":100.0,"aiState":0,"startPosition":{"x":2.226346969604492,"y":0.9717082977294922,"z":1.948617935180664},"moveSpeed":3.0,"patrolDistance":5.0,"viewRadius":5.0},{"position":{"x":6.58000373840332,"y":1.0004749298095704,"z":-8.032124519348145},"health":100.0,"aiState":1,"startPosition":{"x":6.579999923706055,"y":0.9717082977294922,"z":-4.380000114440918},"moveSpeed":5.0,"patrolDistance":5.0,"viewRadius":5.0}]}