{"position":[{"x":2.226346969604492,"y":1.0004749298095704,"z":4.235892295837402},{"x":6.579999923706055,"y":1.0004749298095704,"z":-4.380021572113037}],"health":[100.0,100.0],"aiState":[2,1],"startPosition":[{"x":2.226346969604492,"y":0.9717082977294922,"z":1.948617935180664},{"x":0.0,"y":0.0,"z":0.0}],"droppedItems":[]}