{"enemies":[{"position":{"x":-49.43333053588867,"y":1.034411907196045,"z":-9.268826484680176},"health":100.0,"aiState":0,"startPosition":{"x":-46.33338165283203,"y":1.0304770469665528,"z":-9.268827438354493},"moveSpeed":5.0,"patrolDistance":10.0,"viewRadius":10.0}]}