{"enemies":[{"position":{"x":-19.558528900146486,"y":1.0344033241271973,"z":-9.26881217956543},"health":100.0,"aiState":0,"startPosition":{"x":-14.55850887298584,"y":1.0304758548736573,"z":-9.26881217956543},"moveSpeed":5.0,"patrolDistance":10.0,"viewRadius":10.0}]}