{"enemies":[{"position":{"x":-47.666812896728519,"y":1.0344024896621705,"z":1.984044075012207},"health":100.0,"aiState":0,"startPosition":{"x":-41.69965362548828,"y":1.0304765701293946,"z":1.9787554740905762},"moveSpeed":5.0,"patrolDistance":10.0,"viewRadius":10.0}]}