{"enemies":[{"position":{"x":-43.43342971801758,"y":1.034403681755066,"z":-9.268824577331543},"health":100.0,"aiState":0,"startPosition":{"x":-49.43333053588867,"y":1.0304720401763917,"z":-9.268826484680176},"moveSpeed":5.0,"patrolDistance":10.0,"viewRadius":10.0}]}