{"enemies":[{"position":{"x":-49.43333053588867,"y":1.0344040393829346,"z":-9.268818855285645},"health":100.0,"aiState":0,"startPosition":{"x":-48.13335037231445,"y":1.0304715633392335,"z":-9.268817901611329},"moveSpeed":5.0,"patrolDistance":10.0,"viewRadius":10.0}]}