{"enemies":[{"position":{"x":-1.7363208532333375,"y":1.0339491367340088,"z":-4.2807207107543949},"health":100.0,"aiState":0,"startPosition":{"x":2.8765523433685304,"y":0.9808899164199829,"z":-1.5774309635162354},"moveSpeed":5.0,"patrolDistance":10.0,"viewRadius":10.0}]}