{"enemies":[{"position":{"x":-48.733341217041019,"y":1.0344057083129883,"z":-9.268818855285645},"health":100.0,"aiState":0,"startPosition":{"x":-47.73335647583008,"y":1.0304763317108155,"z":-9.268820762634278},"moveSpeed":5.0,"patrolDistance":10.0,"viewRadius":10.0}]}