{"enemies":[{"position":{"x":-7.619354724884033,"y":1.034401774406433,"z":1.9540678262710572},"health":100.0,"aiState":0,"startPosition":{"x":-0.11725997924804688,"y":1.0304701328277588,"z":1.9464311599731446},"moveSpeed":5.0,"patrolDistance":10.0,"viewRadius":10.0}]}