{"enemies":[{"position":{"x":-49.43333435058594,"y":1.034402847290039,"z":2.0464603900909426},"health":100.0,"aiState":0,"startPosition":{"x":-49.43333435058594,"y":1.0304760932922364,"z":2.0435903072357179},"moveSpeed":5.0,"patrolDistance":10.0,"viewRadius":10.0}]}