{"cameraMode":{"drawMode":0,"name":"Shaded","section":"Shading Mode"},"sceneLighting":true,"audioPlay":false,"sceneViewState":{"m_AlwaysRefresh":false,"showFog":true,"showSkybox":true,"showFlares":true,"showImageEffects":true,"showParticleSystems":true,"showVisualEffectGraphs":true,"m_FxEnabled":false},"in2DMode":false,"pivot":{"x":-1.3469102382659913,"y":-83.145263671875,"z":122.59992980957031},"rotation":{"x":0.29407989978790285,"y":-0.010034158825874329,"z":0.0030941821169108154,"w":0.9557568430900574},"size":82.07389068603516,"orthographic":false}