{"cameraMode":{"drawMode":0,"name":"Shaded","section":"Shading Mode"},"sceneLighting":true,"audioPlay":false,"sceneViewState":{"m_AlwaysRefresh":false,"showFog":true,"showSkybox":true,"showFlares":true,"showImageEffects":true,"showParticleSystems":true,"showVisualEffectGraphs":true,"m_FxEnabled":false},"in2DMode":false,"pivot":{"x":-48.7384147644043,"y":-201.49563598632813,"z":588.7247314453125},"rotation":{"x":0.17005875706672669,"y":-0.03546740859746933,"z":0.0061247278936207298,"w":0.9847829937934876},"size":328.43511962890627,"orthographic":false}