{"cameraMode":{"drawMode":0,"name":"Shaded","section":"Shading Mode"},"sceneLighting":true,"audioPlay":false,"sceneViewState":{"m_AlwaysRefresh":false,"showFog":true,"showSkybox":true,"showFlares":true,"showImageEffects":true,"showParticleSystems":true,"showVisualEffectGraphs":true,"m_FxEnabled":false},"in2DMode":false,"pivot":{"x":0.07735460996627808,"y":4.310291290283203,"z":0.3641500473022461},"rotation":{"x":0.41863903403282168,"y":0.0149817680940032,"z":-0.006912289187312126,"w":0.9080243706703186},"size":6.28195858001709,"orthographic":false}