{"cameraMode":{"drawMode":0,"name":"Shaded","section":"Shading Mode"},"sceneLighting":true,"audioPlay":false,"sceneViewState":{"m_AlwaysRefresh":false,"showFog":true,"showSkybox":true,"showFlares":true,"showImageEffects":true,"showParticleSystems":true,"showVisualEffectGraphs":true,"m_FxEnabled":true},"in2DMode":false,"pivot":{"x":-0.3173142671585083,"y":-0.36678338050842287,"z":-0.4769325256347656},"rotation":{"x":-0.2573414742946625,"y":-0.16655214130878449,"z":0.04508684575557709,"w":-0.9508629441261292},"size":3.1351726055145265,"orthographic":false}