{"cameraMode":{"drawMode":0,"name":"Shaded","section":"Shading Mode"},"sceneLighting":true,"audioPlay":false,"sceneViewState":{"m_AlwaysRefresh":false,"showFog":true,"showSkybox":true,"showFlares":true,"showImageEffects":true,"showParticleSystems":true,"showVisualEffectGraphs":true,"m_FxEnabled":false},"in2DMode":false,"pivot":{"x":127.9876708984375,"y":84.82882690429688,"z":65.31124877929688},"rotation":{"x":0.08775459975004196,"y":-0.026893023401498796,"z":0.002369084395468235,"w":0.9957867860794067},"size":171.09909057617188,"orthographic":false}