{"cameraMode":{"drawMode":0,"name":"Shaded","section":"Shading Mode"},"sceneLighting":true,"audioPlay":false,"sceneViewState":{"m_AlwaysRefresh":false,"showFog":true,"showSkybox":true,"showFlares":true,"showImageEffects":true,"showParticleSystems":true,"showVisualEffectGraphs":true,"m_FxEnabled":true},"in2DMode":false,"pivot":{"x":-4.438788414001465,"y":-567.3743896484375,"z":403.6183166503906},"rotation":{"x":-0.45807844400405886,"y":0.005870703607797623,"z":-0.0030108715873211624,"w":-0.888960063457489},"size":354.5762939453125,"orthographic":false}