{"cameraMode":{"drawMode":0,"name":"Shaded","section":"Shading Mode"},"sceneLighting":true,"audioPlay":false,"sceneViewState":{"m_AlwaysRefresh":false,"showFog":true,"showSkybox":true,"showFlares":true,"showImageEffects":true,"showParticleSystems":true,"showVisualEffectGraphs":true,"m_FxEnabled":false},"in2DMode":false,"pivot":{"x":3.4814584255218508,"y":2.4292049407958986,"z":-3.2432515621185304},"rotation":{"x":0.3257462978363037,"y":-0.2897535562515259,"z":0.10560240596532822,"w":0.8937711715698242},"size":3.5819573402404787,"orthographic":false}