{"cameraMode":{"drawMode":0,"name":"Shaded","section":"Shading Mode"},"sceneLighting":true,"audioPlay":false,"sceneViewState":{"m_AlwaysRefresh":false,"showFog":true,"showSkybox":true,"showFlares":true,"showImageEffects":true,"showParticleSystems":true,"showVisualEffectGraphs":true,"m_FxEnabled":true},"in2DMode":false,"pivot":{"x":-0.11445236206054688,"y":0.9717082977294922,"z":-3.294912338256836},"rotation":{"x":-0.2573589086532593,"y":0.1662672907114029,"z":-0.04498802870512009,"w":-0.9509135484695435},"size":1.2247449159622193,"orthographic":false}