{"cameraMode":{"drawMode":0,"name":"Shaded","section":"Shading Mode"},"sceneLighting":true,"audioPlay":false,"sceneViewState":{"m_AlwaysRefresh":false,"showFog":true,"showSkybox":true,"showFlares":true,"showImageEffects":true,"showParticleSystems":true,"showVisualEffectGraphs":true,"m_FxEnabled":false},"in2DMode":false,"pivot":{"x":-3.0878782272338869,"y":-1.087162971496582,"z":1.5921573638916016},"rotation":{"x":0.23297637701034547,"y":-0.05394091457128525,"z":0.01294953003525734,"w":0.970929741859436},"size":11.561494827270508,"orthographic":false}