{"cameraMode":{"drawMode":0,"name":"Shaded","section":"Shading Mode"},"sceneLighting":true,"audioPlay":false,"sceneViewState":{"m_AlwaysRefresh":false,"showFog":true,"showSkybox":true,"showFlares":true,"showImageEffects":true,"showParticleSystems":true,"showVisualEffectGraphs":true,"m_FxEnabled":true},"in2DMode":false,"pivot":{"x":-2.8216352462768556,"y":-26.19632339477539,"z":21.259231567382814},"rotation":{"x":-0.4268872141838074,"y":0.03037300892174244,"z":-0.014348816126585007,"w":-0.9036930203437805},"size":24.935375213623048,"orthographic":false}