{"cameraMode":{"drawMode":0,"name":"Shaded","section":"Shading Mode"},"sceneLighting":true,"audioPlay":false,"sceneViewState":{"m_AlwaysRefresh":false,"showFog":true,"showSkybox":true,"showFlares":true,"showImageEffects":true,"showParticleSystems":true,"showVisualEffectGraphs":true,"m_FxEnabled":false},"in2DMode":false,"pivot":{"x":293.0899658203125,"y":203.06607055664063,"z":-13.427169799804688},"rotation":{"x":-0.01499679684638977,"y":0.019496917724609376,"z":0.0002898313687182963,"w":0.9997129440307617},"size":220.61720275878907,"orthographic":true}